Timestamp,Email Address,Name,Location,Age Range,Gender,Role,Products Interested in Buying/Selling,Occupation ,Occupation  Sector,Target Regions
3/21/2024 14:25,reneetucker@gmail.com,Sandra Brown,Nigeria,56+,female,Buyer,"Battery Storage, Solar Panels, Inverters",Consultant,Agriculture,West Africa
10/26/2024 14:25,vsanders@davis-mcdaniel.com,Nathan Harris,Canada,36-45,Male,Seller,Battery Storage,Manufacturer,Agriculture,North America
4/1/2024 14:25,debbie58@stone.com,Jenny Wright,Canada,46-55,Female,Seller,"Wind Turbines, Consulting Services",Manufacturer,Manufacturing,West Africa
4/21/2024 14:25,timothy88@yahoo.com,Joshua Hernandez,Nigeria,26-35,Male,Buyer,"Wind Turbines, Inverters",Manufacturer,Energy,Middle East
10/14/2024 14:25,juan74@gmail.com,Ivan Anderson,Kenya,56+,Male,Buyer and Seller,"Wind Turbines, Inverters, Battery Storage",Installer,Energy,Australia
2/27/2024 14:25,kayla52@gmail.com,Michael Hernandez,Brazil,26-35,Male,Seller,Inverters,Distributor,Manufacturing,West Africa
3/11/2024 14:25,yorktracy@fry.com,William Smith,Kenya,46-55,Male,Seller,"Battery Storage, Wind Turbines, Inverters",Manufacturer,Manufacturing,North America
4/4/2024 14:25,dodsonjennifer@hartman.info,Kenneth Larson,Nigeria,26-35,Male,Buyer,"Inverters, Battery Storage",Installer,Energy,Australia
4/10/2024 14:25,johnsonjames@horn.net,Gary White,Kenya,46-55,Male,Seller,Inverters,Consultant,Manufacturing,Eastern Europe
7/10/2024 14:25,douglaspierce@hotmail.com,Amanda Bell,Nigeria,46-55,female,Buyer,"Inverters, Solar Panels, Wind Turbines",Consultant,Agriculture,North America
10/4/2024 14:25,deckerdavid@hamilton.com,Brian Scott,South Africa,26-35,Male,Buyer,"Battery Storage, Inverters",Consultant,Agriculture,North America
5/26/2024 14:25,davidwatkins@yahoo.com,Jason Wells,Canada,18-25,Male,Seller,Consulting Services,Manufacturer,Technology,East Africa
3/14/2024 14:25,amandasmith@gonzalez.info,Susan Rodriguez,South Africa,46-55,Female,Seller,"Solar Panels, Consulting Services",Distributor,Construction,South America
10/22/2024 14:25,davidgreen@hotmail.com,Lauren Kirk,Germany,56+,Male,Buyer and Seller,Solar Panels,Manufacturer,Technology,South America
1/11/2024 14:25,fpatel@jones.info,Ebony Walters,Canada,18-25,Female,Seller,"Solar Panels, Battery Storage, Consulting Services",Retailer,Agriculture,Australia
1/23/2024 14:25,william45@cole-williams.info,Jasmine Glover,China,46-55,Female,Buyer,"Battery Storage, Inverters",Distributor,Technology,West Africa
8/9/2024 14:25,toddlori@hotmail.com,Philip Mendez,India,26-35,Male,Buyer,"Wind Turbines, Inverters",Consultant,Agriculture,South America
2/14/2024 14:25,joshuahall@yahoo.com,Rebecca Wright,China,36-45,Female,Buyer,"Solar Panels, Inverters",Consultant,Construction,South Asia
2/4/2024 14:25,geoffrey35@hotmail.com,Brian Stanley,Brazil,26-35,Male,Buyer,"Solar Panels, Battery Storage",Retailer,Manufacturing,Australia
1/27/2024 14:25,angelriggs@hotmail.com,Marilyn Herrera,United States,46-55,Male,Seller,Consulting Services,Manufacturer,Agriculture,North America
2/12/2024 14:25,gconway@yahoo.com,Alexandra Evans,Germany,18-25,Male,Seller,Inverters,Manufacturer,Energy,North America
5/31/2024 14:25,jessicaward@gmail.com,Denise Rios,Canada,56+,Female,Buyer,"Wind Turbines, Inverters, Battery Storage",Manufacturer,Agriculture,Southeast Asia
7/27/2024 14:25,steven92@ramirez-evans.com,Kim Anderson,Brazil,26-35,Female,Buyer,"Battery Storage, Wind Turbines",Installer,Manufacturing,Southeast Asia
9/24/2024 14:25,rachel28@yahoo.com,Mr. Aaron Grimes,China,46-55,Male,Buyer,"Inverters, Wind Turbines, Solar Panels",Installer,Manufacturing,South America
9/5/2024 14:25,danielmitchell@yahoo.com,Elizabeth Mullins,United States,56+,Female,Buyer,"Solar Panels, Battery Storage, Wind Turbines",Retailer,Manufacturing,Eastern Europe
2/4/2024 14:25,michaelmartinez@fischer.com,Jessica Willis,Brazil,46-55,Female,Seller,"Solar Panels, Wind Turbines, Consulting Services",Distributor,Technology,Western Europe
2/13/2024 14:25,dcosta@young.com,Courtney Shelton,Kenya,26-35,Female,Seller,Battery Storage,Consultant,Agriculture,Southeast Asia
2/19/2024 14:25,fortiz@perez.org,Kendra Bryant,United States,18-25,Male,Seller,"Solar Panels, Wind Turbines",Consultant,Manufacturing,West Africa
7/3/2024 14:25,nicole02@hotmail.com,Sean Walker,China,56+,Male,Seller,"Battery Storage, Wind Turbines, Consulting Services",Consultant,Agriculture,South Asia
10/19/2024 14:25,travisstewart@yahoo.com,Bruce Chang,Canada,46-55,Male,Buyer,Inverters,Manufacturer,Construction,Southeast Asia
2/20/2024 14:25,shane05@hotmail.com,Rita Johnson,Brazil,46-55,Female,Seller,Solar Panels,Installer,Manufacturing,Eastern Europe
4/14/2024 14:25,jmelton@yahoo.com,Evelyn Nelson,United States,36-45,Female,Seller,Inverters,Manufacturer,Agriculture,South America
12/27/2023 14:25,kristin57@yahoo.com,Chelsea Mendoza,United States,46-55,Male,Buyer,"Wind Turbines, Inverters",Retailer,Construction,South America
5/21/2024 14:25,petersutton@duffy.com,Michael Buckley,United Kingdom,56+,Male,Buyer,Inverters,Retailer,Construction,Eastern Europe
9/22/2024 14:25,cheryl40@gmail.com,Hannah Golden,Brazil,26-35,female,Seller,"Consulting Services, Inverters, Solar Panels",Consultant,Construction,Southeast Asia
5/14/2024 14:25,robert27@hotmail.com,Meredith Banks,Germany,26-35,Female,Buyer,Wind Turbines,Manufacturer,Technology,North America
5/24/2024 14:25,jennifer46@hotmail.com,Tony Garcia,China,26-35,Male,Buyer,Inverters,Retailer,Technology,Southeast Asia
6/4/2024 14:25,greyes@hotmail.com,Nicolas Ross,India,46-55,Female,Seller,"Battery Storage, Solar Panels, Wind Turbines",Installer,Energy,Eastern Europe
1/17/2024 14:25,mariaperez@chavez.org,Kayla Drake,China,18-25,Male,Seller,"Inverters, Consulting Services, Wind Turbines",Installer,Technology,West Africa
7/21/2024 14:25,meganpowell@yahoo.com,Dawn Copeland,India,56+,Male,Seller,Wind Turbines,Installer,Manufacturing,Australia
1/20/2024 14:25,laura54@hotmail.com,Ronald Ferguson,China,36-45,Male,Buyer,Solar Panels,Manufacturer,Construction,East Africa
7/17/2024 14:25,josephcohen@gmail.com,Curtis Cobb,China,18-25,Female,Buyer,"Battery Storage, Solar Panels, Inverters",Installer,Agriculture,Eastern Europe
12/15/2023 14:25,christopherschmidt@bradley-anderson.org,Thomas Bush,United States,46-55,Male,Buyer,"Wind Turbines, Solar Panels, Battery Storage",Retailer,Energy,South America
2/28/2024 14:25,anthonyhenry@gmail.com,Samantha Alexander,China,36-45,Female,Buyer,"Wind Turbines, Inverters",Distributor,Construction,East Africa
10/14/2024 14:25,mark30@gmail.com,Kathy James,Kenya,18-25,Female,Buyer,Inverters,Manufacturer,Agriculture,West Africa
7/23/2024 14:25,nrangel@suarez.com,Donald Galvan,Nigeria,36-45,Male,Seller,"Battery Storage, Inverters, Consulting Services",Retailer,Technology,Middle East
1/9/2024 14:25,ejames@fox-briggs.com,Mary Johnston,United Kingdom,18-25,female,Buyer,"Wind Turbines, Battery Storage, Inverters",Consultant,Technology,West Africa
1/7/2024 14:25,simskayla@yahoo.com,Kelly Miller,Canada,46-55,female,Buyer,"Inverters, Wind Turbines",Consultant,Construction,West Africa
1/27/2024 14:25,mitchellricardo@nunez.com,Heather Barr,United States,56+,Male,Buyer,"Solar Panels, Inverters, Battery Storage",Installer,Manufacturing,Australia
6/9/2024 14:25,catherineanderson@schaefer-pittman.com,Michael Parker,Brazil,36-45,Male,Buyer,Solar Panels,Consultant,Agriculture,North America
11/9/2024 4:14,balmsclinic@gmail.com,Onyii ,India,30-39,Male,Buyer,Solar panels ,Banker,Banking,South America
11/9/2024 20:36,tendaichiv@outlook.com,Tawanda,United Kingdom,30-39,Male,Both ( buyer and seller),"Solar panels, Inverter, Wind Turbines",Retailer,Energy,Eastern Europe
11/10/2024 0:49,chivasatatenda2@gmail.com,Tatenda Chivasa ,United Kingdom,30-39,Female,Buyer,"Battery Storage, Inverters, Consulting Services",Banker,Banking,West Africa
11/10/2024 15:02,ichrisnora@gmail.com,Ifunanya ,Nigeria,30-39,Female,Both ( buyer and seller),"Wind Turbines, Solar Panels, Battery Storage",Distributor,Technolgy,West Africa
